particle,diagonal size,msd power,straightness,dead/alive (0/1)
0,2.2575802196233727,-0.0386098273078263,0.1245964548578237,0.0
1,4.921257222186724,1.0613920342603391,0.0614975835659705,0.0
3,5.562586908839238,1.1045050915537735,0.0520853405121372,0.0
4,5.174131708701129,0.8635204481624803,0.0464402135859816,0.0
5,4.395475471419688,0.6770456809923081,0.1203858262476887,0.0
6,5.6257099159951105,0.7603520964589454,0.0498798439136602,0.0
7,4.759521969475502,0.4716477966776706,0.0961614820960043,0.0
9,4.669219030580113,0.8369904179829963,0.0416501927318664,0.0
10,4.348511373441029,0.2961412887425237,0.0378768944624484,0.0
11,4.316655050977675,0.6296710049805772,0.0371814153189046,0.0
12,4.793340141591881,0.7739581380770844,0.0508701449952037,0.0
13,3.0562874787244967,0.234251617257751,1.109143882470151,0.0
14,4.888024981441658,0.4704297462022674,0.0930570415280825,0.0
15,5.493969209411416,0.4436377691885914,0.1350386105143258,0.0
16,4.251142555299273,0.7243866255389735,0.0566099324846303,0.0
17,6.801793815631202,1.1156648987826334,0.0581650768317669,0.0
18,5.04915959336692,0.3746855474319638,0.0379723324119812,0.0
19,7.166903414330686,1.174518186916788,0.1202594149164222,0.0
20,6.469058238481714,1.3762314303715235,0.8078237726889665,0.0
21,4.986064954189646,0.92045625037788,0.0448677173089578,0.0
22,4.543977133286349,0.707389602382581,0.0382570569450596,0.0
23,4.354163515416468,0.5107965163254709,0.0742695501355309,0.0
24,7.5200241395600225,1.3680650767438325,0.0660352695787095,0.0
26,5.604717844478851,1.121231688526762,-30.547954139547528,0.0
27,3.362201716304431,1.1090127326953665,0.1196248190059407,0.0
28,4.796154151155208,0.7189269559934113,0.0402685015099869,0.0
29,5.227662156946692,1.010785599364292,0.057062156071535,0.0
30,3.662814309785427,1.699385669013412,0.2927997089804102,0.0
31,2.125985814225748,0.2945898102193648,0.1281915413752812,0.0
32,4.40362806720616,0.9722457052950244,0.0431626414085462,0.0
33,4.011471541302375,0.5517736087697112,0.0301257194990291,0.0
34,4.205854719316729,0.6952462956261769,0.0413838880703563,0.0
35,3.877517438839226,0.6928928994258373,0.0367081586731639,0.0
36,4.753023670945218,0.3548417709671268,0.0351886948863574,0.0
37,10.169206598328667,0.740221469942226,0.0840022862462119,0.0
38,8.336382544314803,1.2057908829652804,0.0742579767625608,0.0
39,3.906160002365565,0.4833769461149817,0.0411412263652689,0.0
40,4.600246190762223,1.024073765674258,0.0520672147051916,0.0
41,5.977305160434431,1.1576056129432508,0.052338881380169,0.0
42,3.2305515686784565,0.6114598214344377,0.3327018228889851,0.0
43,3.341070327566128,0.3847770693133511,0.0769122046226063,0.0
44,5.145347976911758,0.3545758259738787,0.0354290952706845,0.0
45,3.419431874900557,0.4257703701250094,0.0532544962039434,0.0
46,4.231556017726447,0.6838292487806036,0.0506540721370126,0.0
47,1.1463042350894397,0.8803153420386176,0.1186803402933585,0.0
48,4.627637118883089,0.7448121123478918,0.0415707185294684,0.0
49,5.620464234306775,0.7183758465252037,0.0540323436065361,0.0
50,7.91282582383895,1.3785464171205652,0.1216863532938379,0.0
222,16.980853873104166,0.0,-92.55244594996694,1.0
308,10.42146328789984,0.0,-56.801143504369286,1.0
0,7.078459526658833,0.4330760070575539,0.7721747917871155,0.0
1,12.733432149710383,0.0,-69.40229858878148,1.0
2,31.16556257916484,1.204797720004777,0.0722505823646221,0.0
3,18.300017686363024,1.61785648018036,0.1104526769637112,0.0
4,21.86320706737836,1.9084561967314224,1.0031446916053488,1.0
5,4.501184500440861,1.9221372936642775,0.2496908471834743,0.0
6,29.23863883474303,1.833719030702268,0.0980865826574597,0.0
7,3.3935186003786906,1.7657861048942245,0.267519394125243,0.0
8,5.685937024652188,1.1775841608438522,0.2000564139509273,0.0
10,25.087438609376623,1.8440787911349672,0.1003124537681056,0.0
11,2.857312868864115,0.0,-15.573498060456972,0.0
12,25.801858477300396,1.8212521010105496,0.0945302924509736,0.0
14,6.115328610339182,1.4622720970166707,0.2922247150847006,0.0
15,23.467306110328902,1.7080735821432624,0.093884610645144,0.0
16,28.42200689441097,1.8051575096122252,0.0962022959096837,0.0
17,13.12374591077305,1.749379343675074,0.118682384075751,0.0
18,12.556219589176989,0.0,-68.43641924885026,1.0
19,19.454507744511417,1.671774707796476,0.0840531767680984,0.0
20,86.43491369480816,1.588632141701451,0.0838695774439181,1.0
21,6.335892407102271,1.1001741060808932,1.1103546940381863,0.0
22,3.926372615709639,1.6401418285300458,0.1954059681958233,0.0
23,9.961280835645248,1.8240379520783856,0.115154142871686,0.0
24,25.086419307019646,1.8379354474775405,0.1031094081146055,0.0
27,10.473249366403412,0.9381345785298296,0.1414334257297422,0.0
31,22.399166172458997,1.8287362690381197,0.0987536905374716,0.0
32,15.65424931645178,1.7087914625442495,0.0979133688507331,0.0
33,5.9859048301822675,0.9345888531926144,0.1370508219760338,0.0
139,69.98094174033157,1.4879966609205382,0.0913744495001225,1.0
362,24.069762329633424,0.0,-131.189832601434,1.0
0,5.215473323517322,0.6205849879829479,0.2785956330045135,0.0
1,5.114661212105318,0.6995424629415493,0.040211611707464,0.0
2,3.908855706140197,0.3054687237856159,0.0400412320859206,0.0
3,4.010114289779186,0.4029778590612205,0.0369043724365539,0.0
4,11.08295683414534,1.2745267240085207,0.0656387790472214,0.0
5,5.0157510566361,0.8689463705138676,0.0429556112264099,0.0
6,5.327019638139359,0.9134436719186468,0.1024064270200765,0.0
7,7.310795131565752,0.8587748141218788,0.0456146287148171,0.0
8,0.8066547407276256,0.0,-4.39659099886185,0.0
10,1.4934014222774243,0.0,-8.139635111980873,0.0
11,5.528232692020664,0.9836256805516206,0.0432184024511668,0.0
13,3.955591362618538,0.5965024185241017,0.0714127118672223,0.0
14,7.501643646321366,0.5523373024665577,0.1008220503512023,0.0
15,8.04980211913576,0.7878846200137452,0.0506130843410889,0.0
16,5.473307440387335,0.9704145664121142,0.0539354627827971,0.0
17,6.489742767787991,0.7089296758033257,0.0449873516569836,0.0
18,13.440525066593729,1.4111525069633568,0.0869366778035439,0.0
19,5.2940692637049835,1.113859032566956,0.051307262198252,0.0
20,4.65285227358292,0.5499012934399131,0.1112261748502806,0.0
21,5.597013750969896,0.9908121422387274,0.0685353798261245,0.0
22,3.8188010656338265,-0.4292919863214941,0.2495609883525757,0.0
23,5.135015896103902,0.355400613073536,0.1729934831801359,0.0
24,4.465071124784469,0.7965847908283914,0.1827744930160472,0.0
25,6.611760621768428,1.1246533966271852,0.0518302235254465,0.0
26,5.854823712675135,0.9545951621021465,0.0532694380560464,0.0
27,6.056620414590948,1.0923580893995697,0.0605611971864379,0.0
28,6.279626333807638,0.5051108701333635,0.0699522531710235,0.0
29,4.534247484963551,0.8083374018523711,0.0612632609068252,0.0
30,4.014070170305327,0.0523468450980297,0.0947526961470829,0.0
31,9.600377962040572,1.12253649041068,0.0830162453764858,0.0
32,5.471166407778788,0.7425989158311426,0.0949157306184957,0.0
33,6.879780447180835,0.0727241475883969,0.0441644686574982,0.0
34,3.5177419137391666,0.8068864749332052,0.0454083969166925,0.0
35,5.537973657511977,1.6210611833404065,0.454671086664539,0.0
36,4.806143117650307,0.4309260540911636,0.0625300397112194,0.0
37,3.1924680756765293,0.5443847044955177,0.0337137026147271,0.0
38,9.489680756817831,1.3850951217711391,0.0708628793750603,0.0
39,8.937600687547992,1.408211973881509,0.0689770740682775,0.0
40,8.51687083033861,0.9984322839980008,0.0626736736968293,0.0
41,8.587448916080685,0.7225800920335569,0.0517731861857767,0.0
42,26.383092630687585,1.258936769010939,0.0983813543324907,1.0
43,6.398409996152497,1.0219209371179243,0.0496554573714967,0.0
44,12.808500518064342,1.2707228335725096,0.0758559603814483,0.0
45,5.305983382406154,0.8990458954101885,0.0426453217368457,0.0
46,10.535913260278289,1.5585513046460713,0.0791370619982446,0.0
47,16.98381014007838,1.8661725584786653,0.1007736932490254,0.0
48,3.731120650827087,0.7732759989908979,0.0444185433253068,0.0
49,7.91291845775509,1.0007567668818482,0.0498205127403053,0.0
50,7.007042040024147,1.4127746912833952,0.0682390921033924,0.0
51,6.042468544837134,1.014005440725448,0.1363950534416756,0.0
52,10.503206678636458,1.497817444605009,0.0753042771192954,0.0
54,11.601317479877906,1.298553942216748,0.0694539795751669,0.0
55,0.9429447042943652,0.0,-5.139425816286008,0.0
56,5.326469374830195,1.298047483282055,0.0642331689836705,0.0
57,2.99729042717348,0.9055092496759656,0.0993357250305923,0.0
59,15.92304482612892,0.8785048361979844,0.0678073599215574,1.0
60,10.38817151101475,1.26216569114582,0.0695990537222656,0.0
61,7.0088777292717825,1.1160088622846027,0.0599698436886464,0.0
62,7.049315462658832,0.7320846863188383,0.0632660537495173,0.0
63,6.626642597328103,0.5609708716542541,0.0457146960744298,0.0
64,3.779523541102271,0.8839597373377629,0.0426061172622603,0.0
65,9.32164982594052,1.020840107478609,0.083984030019043,0.0
66,5.599948804517569,1.2104391346817829,0.0554317475013708,0.0
67,3.508824649716996,0.4773743898790066,0.0313993103597464,0.0
68,2.3950155708226704,0.746557823816274,0.3120948452910929,0.0
69,11.638627271727724,1.3470447121453364,0.0684208856405317,0.0
70,10.87960877960201,1.5587502578538794,0.0690697715866837,0.0
71,5.107136733966791,1.1711525373599654,0.1210934919014186,0.0
72,4.113427720107853,0.8377901470005461,0.0484997050299128,0.0
73,5.35381673458451,0.5479543091853695,0.0840470020929021,0.0
74,5.294487007819147,0.660192362113748,0.0509676879614181,0.0
75,5.295797291529476,1.0375195513239348,0.0513027707562782,0.0
76,3.2844061832559572,0.836357078879709,0.0423468634778233,0.0
78,10.450373452961452,1.40491196303717,0.0635059901486176,0.0
79,3.7486453837503766,0.7320943879483438,0.48509544458267,0.0
81,5.572228655476728,1.3229332132999096,0.0607509185616602,0.0
82,2.9683287899809736,-0.2594670579251747,-16.1785792369123,0.0
83,5.050116263864171,1.0642991356973637,0.0516669651361617,0.0
84,4.503285456875408,0.8336964804932744,0.0442689878785507,0.0
85,7.03381308211635,1.3980888958283644,0.0776295916816827,0.0
86,4.514443151513958,1.1577281605455103,0.0486688723178147,0.0
87,3.87585577950413,0.0685119780338906,0.119151206227438,0.0
88,7.230394692107881,0.6464125762681314,0.0852495174399729,0.0
89,3.996144973671977,0.6474097424372052,0.0426961510355542,0.0
90,7.039622591836923,0.562782189892008,0.0477699711187959,0.0
91,3.082861421871128,0.4212624445517152,0.03527645692414,0.0
92,7.189579449316518,0.4829390811990783,0.0917968781771155,0.0
93,6.020866879705773,0.5254047028104853,0.2236199704073782,0.0
95,7.315256290159253,1.1078779869302933,0.0608711381495849,0.0
96,3.3991684077946855,0.8128131598620504,0.1586952737606592,0.0
97,3.857274062130259,0.6473552753270686,0.0415441999376741,0.0
98,4.598522942300868,1.046379125811772,0.0718742474936741,0.0
99,9.703223192743309,1.498673957365018,0.0814579083475545,0.0
100,6.119004165412135,0.9572717183223636,0.0539131459355503,0.0
102,3.729026397502861,-0.2041813504041829,0.2093663475532376,0.0
104,9.6116085561769,0.7069814138824964,0.0664826322036783,0.0
105,7.040284052242983,1.2260515868404502,0.0631799521921834,0.0
107,8.99963363811983,1.3106362893527357,0.0649138818849763,0.0
108,8.635871198548866,1.128591343053574,0.0806655404790797,0.0
109,3.291272304872769,0.0,-17.93875057047854,0.0
110,2.7620238299015485,0.4954390122192458,0.4547423814276615,0.0
111,8.464128568394637,1.1192167180590888,0.057035852892111,0.0
112,1.586090171528354,0.3462140336268445,-8.64482587089814,0.0
113,2.036356418263379,0.4303503493497458,0.1349275612109854,0.0
114,5.926437740937323,1.100835821636245,0.0588676750460784,0.0
115,5.823374474836282,0.5657710779768003,0.0837632021397968,0.0
116,9.12686315842964,1.0662305783170858,0.0550385672791986,0.0
117,5.155434054142155,1.634161438314074,0.1726002473026213,0.0
118,8.838821947591653,0.8791096941117843,0.050739106510155,0.0
119,3.719335566381371,0.8802612289131676,0.1507550854714568,0.0
120,7.247227782647413,0.4586155184503514,0.0463296831806996,0.0
121,11.575336226528057,1.3018774684800276,0.0690443777640194,0.0
122,3.651634560581188,0.8093797894079509,0.0946064557488615,0.0
123,8.820728037907934,1.1594568294143264,0.0673228889848221,0.0
124,4.077944974888062,0.3623860481360242,0.0349155893785273,0.0
125,8.455509586695179,0.8689744189011885,0.15820444749283,0.0
126,6.695138251732739,0.6087827368953995,0.0417419726072129,0.0
127,4.573650522681867,0.3285167788439429,0.1550522122725537,0.0
128,7.021050748280118,0.9552546884504844,0.0736280810385117,0.0
129,8.349740583510428,0.8710982296491286,0.050582070115354,0.0
130,7.453545165816665,1.022973617935019,0.0784701194393647,0.0
131,5.8858904055565855,0.9760776667641472,0.0508504361658546,0.0
132,8.043043411182397,0.7408201386070081,0.0471730426049944,0.0
133,12.541339333869074,1.3033872851372297,0.0674640486530164,0.0
134,5.788995820934615,0.8388874013053453,0.0639629934702425,0.0
135,26.90391871944716,1.4671935982555209,0.1269507709369214,1.0
136,4.056214932691512,1.2500538017523914,0.2103080309714343,0.0
137,4.07559902252077,0.6018083796132573,0.0592070241343322,0.0
139,6.952110640552497,0.8563667539358166,0.0464088415208631,0.0
140,8.10246845117561,0.8395502744528693,0.0844297485285393,0.0
141,6.088081307364401,1.1156613268163047,0.0519334668436648,0.0
143,8.363932539442393,0.6619523208352311,0.0599249327046837,0.0
144,6.16565957892253,0.4896642918534178,0.2223386414356094,0.0
145,6.780294802308724,1.2195909240654412,0.0558848637366595,0.0
146,12.678539073935372,1.181155547946279,0.0698332167751323,0.0
147,7.830186460597846,1.1750975836824304,0.0537164588982755,0.0
148,10.232189616781229,1.0472586706607434,0.0724615291450551,0.0
149,6.056593075289623,1.3467943411021484,0.0599433306372231,0.0
150,3.0395209094883686,0.4743077197873272,0.041205499927512,0.0
153,11.424995381452776,1.4869133893867728,0.0765903743822889,0.0
154,5.3656537717561505,0.8751910958399943,0.0450138693104232,0.0
155,3.2257291735044125,0.6824946169378066,0.0383914563783741,0.0
156,6.7829465287774235,0.9118216000154128,0.0532950528899317,0.0
157,5.993696613509865,0.9698220206944196,0.0497327678318954,0.0
159,5.898405913727314,0.4467066529033604,0.0616247161957032,0.0
160,11.283104906429363,1.3675181260969818,0.0747325645751647,0.0
162,8.304738412493444,1.0158037068939014,0.0611812446419441,0.0
163,15.524430206389004,1.6382067712438306,0.0900253194271731,0.0
164,13.658245250776243,1.5547972616367385,0.0803542531235687,0.0
165,9.5359492043283,0.8986550895607056,0.0682869647461669,0.0
166,10.130834918291075,0.8982631977560306,0.0556829104678281,0.0
167,6.142841163800278,1.1575257230917506,0.0554911904510932,0.0
168,4.138456633461,0.5878323921539397,0.1179208712287761,0.0
169,8.394587898153034,0.6630836703173565,0.045435180225936,0.0
170,8.571396167816971,0.7395100686558775,0.0832225190295173,0.0
171,3.4383191527770314,0.4875120055654535,0.4529175183826948,0.0
172,2.64793979154473,0.4678743817310087,0.1144264847044303,0.0
173,4.4659145734197985,0.0631031096344244,0.1063130650933982,0.0
174,9.578228178574124,1.0349663380894585,0.2018797413449504,0.0
177,3.231376610754333,0.3979399430214377,0.1587273765589052,0.0
178,5.551485765099073,0.7541772923995151,0.0921487169570542,0.0
179,4.360365260539646,0.501009655485272,0.0849928643266577,0.0
181,6.326331558292786,0.8427697269345777,0.0562733831484576,0.0
182,6.286209957907923,0.9312668469475822,0.1596488379914606,0.0
183,1.782410341897931,1.876707332733086,-9.71484932748048,0.0
188,5.3911248177608595,0.7604574188014435,0.060446879075188,0.0
190,3.694187092314455,0.6971086845828914,0.0707873577412677,0.0
194,1.0800890714217328,0.4320179307490569,0.226329691198185,0.0
197,1.2670696156277983,0.0,-6.906036233017751,0.0
198,3.750920012715236,0.513158591458853,0.2113445147253567,0.0
201,2.361194438418844,1.2143351617747604,0.1032586960718511,0.0
202,4.033313666075297,0.7110893324407485,-21.983172805576796,0.0
203,5.454087517772622,0.7731866235553368,0.3056447606633687,0.0
204,1.613862646645282,0.4518689915725595,0.3389845712916217,0.0
205,1.1636242601671372,0.6841293765197584,0.8233695015049336,0.0
206,4.405026328407827,-0.1669733155396504,0.0686218115455141,0.0
209,5.079954703324884,0.6464878348045766,0.2127314256838823,0.0
210,4.59940199779645,0.0,-25.06858064878977,0.0
211,5.198748709237647,1.1161586711572042,0.1990820669702188,0.0
214,5.83293665853543,0.4253449281211083,0.1330690020905474,0.0
218,26.178103243513863,1.167295980536165,0.0885361708442093,1.0
219,7.691883669991717,0.5105419693554107,0.0660922725835746,0.0
220,11.050947645076777,0.0,-60.23208504472646,1.0
225,5.50558690455679,0.4903261880361376,0.1926995899909604,0.0
226,2.4969859540043204,0.4635503236298355,0.6988992975810303,0.0
228,2.803677509763015,0.7718897375390187,-15.281163899212336,0.0
232,3.542234775874566,0.4140565615100723,0.122563966064342,0.0
234,2.497550499246659,1.385548887069295,0.358652511145164,0.0
235,2.5511161040140977,0.6203890604215812,0.0719285139749055,0.0
236,16.93962810903522,1.243566318847623,0.1468507735129049,1.0
242,7.54375728643164,0.5874539010538957,-41.11649471396701,0.0
245,2.534610197319003,0.1754107571973567,-13.814639419467492,0.0
247,6.6112035336640185,0.1828536138897109,0.0455043778694522,0.0
250,6.526340587366434,-0.0315909352261045,-35.57116673738201,0.0
251,2.778358108581448,-0.2602827477921154,0.379905398231958,0.0
255,3.3984853953419405,0.0,-18.523104798771712,0.0
258,7.977266095360387,0.0,-43.479291126152255,1.0
263,2.2009255935966667,1.389195056260962,-11.995924855339272,0.0
264,1.082367186760783,0.0,-5.899334114720971,0.0
265,2.8944789942444253,0.6404833302267954,0.1573328532960987,0.0
268,6.586179247739738,0.2810736990215376,-35.89731137188066,0.0
271,3.201246837903144,0.0,-17.448075765307294,0.0
304,14.283984212803968,0.0,-77.85342755346674,1.0
309,19.476130852690037,0.866122797171774,0.1217531630252937,1.0
380,7.950994215975088,0.0,-43.33609887475062,1.0
411,65.45518023904222,1.6881909654286584,0.090629856615902,1.0
0,5.085377343712637,1.3356487716616416,0.08113004083794,0.0
1,4.054923955948786,-0.0995829671917671,0.3466097815847883,0.0
2,4.42147241916442,0.1999101792260319,0.0414801505332582,0.0
3,5.793530025794684,1.0025273540397144,0.0630205674889187,0.0
4,8.555812247920889,0.8776607929935822,0.1815056402360049,0.0
5,4.276829200363649,0.7760281389257796,0.0384713800188526,0.0
6,5.48045098677373,0.9862265422998168,0.05649385953409,0.0
7,4.279878847422423,0.5691896579453088,0.0613387730582592,0.0
8,2.3265092563923777,0.4573697296355485,-12.680406051041016,0.0
9,5.218689638421516,0.9882633919353292,0.0537797529434762,0.0
10,5.642501101898003,1.088100552834042,0.0558548103025281,0.0
11,6.1871375717704025,0.7111780746288453,0.0742042607976597,0.0
12,3.895899302300634,0.7557298764569105,0.0483756649801403,0.0
13,9.764970024843883,1.3577467944377255,0.064773643726382,0.0
14,3.803912656064219,-0.0623542836040207,0.1987147332985833,0.0
17,8.62023178678466,1.0101227833172168,0.2045183577701529,0.0
18,6.9746345281464714,1.1329438785073995,0.0565663797433213,0.0
19,5.954656196057057,0.4398834014774097,0.0427593644440182,0.0
20,3.516700961376946,0.9079719334302908,0.2055522038251014,0.0
64,7.9152674781224865,0.0,-43.1413738627588,1.0
275,14.624425690100969,0.0,-79.7089697813263,1.0
0,1.393455567699483,0.9068031647577638,0.1560719577756774,0.0
1,3.062182566072957,0.6543190336183089,0.1793004848683411,0.0
3,6.962200804814567,0.9096382324360196,0.048949010430417,0.0
4,5.210369872371087,0.7087989136512282,0.0433811969975003,0.0
6,4.674032723837388,0.9597260562042148,0.0581338414862879,0.0
7,4.503990131393647,0.4593435027351757,0.0492105922113952,0.0
8,45.90338032727913,1.8835701578408817,0.1286931302992322,1.0
9,5.5508502687744325,0.4506094670801819,0.064941415441587,0.0
11,2.4505160790047262,0.6117834662396129,-13.35629283700736,0.0
12,4.143404293769724,0.90740940575253,0.197818648457504,0.0
14,7.605168069185777,1.0897929204081287,0.0641545503843363,0.0
15,4.102226609513325,0.0870682108230601,0.0635351350001382,0.0
16,3.3322539286315433,0.3935425188527638,0.0388453210491365,0.0
17,3.5595252862384217,0.5777304319192853,0.0998016944883084,0.0
18,3.653131884230695,0.4115388975556676,0.0580552461161867,0.0
19,3.128092182250192,0.0259233747002606,0.0778777470643293,0.0
20,5.859237224848667,0.52940718773298,0.0727350940361603,0.0
296,10.916696723791834,0.0,-59.50036382335501,1.0
377,18.634885172584408,1.7806234251258055,0.1679529078489952,1.0
7,73.45862761162805,1.663198739411306,0.0730414854696765,1.0
82,45.03417080396573,1.5689700606382972,0.0737921854836551,1.0
305,91.66105176059394,1.1981793415046489,0.0784858589065859,1.0
541,40.67503892826232,1.7547474076133505,0.0869122287335359,1.0
761,10.99219663506512,0.5907892042953995,0.0587466678537605,1.0
885,14.771797922596496,0.5790790179429518,0.0170887884771098,1.0
301,86.76212530416781,1.345261275482514,0.0758296666303493,1.0
0,2.57694003065591,0.02404395688506944,0.0729495954439459,0.0
1,10.997766582858485,1.1786732170450722,0.06917984253599122,0.0
2,5.025120924892543,1.026913018308184,0.060216523098371756,0.0
3,5.23988009154336,1.0575566715422102,0.05112990648443652,0.0
7,5.302363093992075,0.07610889944916432,0.06098962497149303,1.0
20,5.147155459859328,1.0461564496520634,0.04723706618444322,1.0
52,1.5070548676704882,0.41207834066709204,0.6878649111647923,0.0
83,6.244979908647452,0.44977432186504007,0.059097913354191664,1.0
